movieId,genreId
1,0
2,1
3,2
4,2
5,2
6,3
7,2
8,1
9,3
10,3
11,2
12,2
13,0
14,4
15,3
16,4
17,4
18,5
19,2
20,3
21,3
22,6
23,5
24,4
25,4
26,4
27,4
28,7
29,1
30,4
31,4
32,4
33,1
34,8
35,4
36,4
37,9
38,2
39,2
40,4
41,4
42,3
43,4
44,3
45,2
46,4
47,6
48,0
49,4
50,6
51,3
52,2
53,4
54,8
55,4
56,1
57,4
58,4
59,4
60,1
61,4
62,4
63,2
64,2
65,2
66,10
67,4
68,2
69,2
70,3
71,3
72,2
73,4
74,4
75,2
76,10
77,9
78,4
79,4
80,4
81,6
82,4
83,4
84,2
85,4
86,1
87,8
88,2
89,3
90,4
91,4
92,2
93,4
94,3
95,2
96,4
97,3
98,9
99,4
100,2
101,2
102,5
103,2
104,4
105,2
106,1
107,9
108,2
109,3
110,4
111,3
112,4
113,4
114,2
115,9
116,6
117,2
118,2
119,4
120,4
121,2
122,4
123,4
124,2
125,1
126,4
127,9
128,2
129,4
130,4
131,5
132,2
133,9
134,2
135,9
136,9
137,4
138,3
139,4
140,2
141,4
142,4
143,2
144,3
145,1
146,4
147,4
148,6
149,4
150,4
151,11
152,3
153,4
154,4
155,2
156,2
157,1
158,4
159,3
160,4
161,9
162,3
163,6
164,3
165,2
166,4
167,3
168,1
169,3
170,2
171,3
172,3
173,2
174,4
175,2
176,11
177,2
178,4
179,2
180,3
181,4
182,5
183,4
184,10
185,2
186,2
187,11
188,2
189,5
190,4
191,9
192,4
193,4
194,2
195,11
196,4
197,3
198,4
199,5
200,4
201,4
202,2
203,3
204,2
205,9
206,4
207,3
208,4
209,12
210,4
211,2
212,4
213,4
214,4
215,2
216,4
217,2
218,4
219,11
220,4
221,2
222,2
223,4
224,5
225,3
226,2
227,4
228,4
229,2
230,2
231,4
232,2
233,2
234,2
235,2
236,1
237,0
238,5
239,8
240,4
241,2
242,0
243,6
244,9
245,4
246,2
247,4
248,8
249,3
250,2
251,4
252,4
253,2
254,2
255,13
256,1
257,6
258,3
259,4
260,8
261,4
262,4
263,4
264,4
265,2
266,4
267,4
268,4
269,4
270,4
271,4
272,2
273,2
274,2
275,4
276,2
277,4
278,4
279,4
280,4
281,6
282,3
283,4
284,3
285,2
286,3
287,2
288,6
289,5
290,3
291,6
292,2
293,2
294,6
295,4
296,2
297,4
298,4
299,4
300,4
301,3
302,2
303,2
304,4
305,4
306,4
307,4
308,2
309,11
310,2
311,0
312,4
313,3
314,3
315,8
316,4
317,5
318,14
319,4
320,2
321,2
322,2
323,4
324,3
325,11
326,3
327,2
328,4
329,11
330,2
331,4
332,13
333,4
334,4
335,10
336,2
337,1
338,4
339,2
340,8
341,2
342,2
343,4
344,4
345,2
346,3
347,4
348,2
349,2
350,3
351,4
352,8
353,2
354,2
355,4
356,2
357,3
358,4
359,1
360,9
361,0
362,4
363,11
364,2
365,3
366,4
367,2
368,2
369,2
370,5
371,8
372,4
373,3
374,3
375,2
376,3
377,3
378,4
379,4
380,12
381,3
382,4
383,4
384,3
385,4
386,4
387,3
388,6
389,1
390,3
391,3
392,4
393,4
394,11
395,9
396,4
397,4
398,3
399,2
400,2
401,9
402,3
403,4
404,11
405,4
406,4
407,2
408,2
409,4
410,2
411,2
412,2
413,12
414,2
415,4
416,2
417,3
418,1
419,5
420,3
421,4
422,4
423,11
424,13
425,4
426,2
427,4
428,6
429,2
430,2
431,3
432,2
433,4
434,2
435,3
436,4
437,2
438,2
439,3
440,9
441,2
442,2
443,4
444,2
445,4
446,2
447,2
448,4
449,4
450,2
451,4
452,1
453,4
454,3
455,4
456,3
457,2
458,4
459,3
460,6
461,3
462,3
463,3
464,2
465,2
466,4
467,2
468,2
469,2
470,2
471,3
472,4
473,2
474,4
475,2
476,3
477,3
478,4
479,5
480,4
481,1
482,3
483,2
484,2
485,4
486,2
487,5
488,4
489,2
490,3
491,3
492,4
493,2
494,2
495,4
496,2
497,2
498,4
499,3
500,4
501,3
502,2
503,4
504,3
505,4
506,4
507,4
508,3
509,11
510,2
511,2
512,4
513,2
514,3
515,2
516,10
517,2
518,6
519,3
520,4
521,4
522,4
523,4
524,4
525,4
526,4
527,4
528,8
529,2
530,3
531,4
532,4
533,4
534,2
535,4
536,2
537,5
538,14
539,2
540,2
541,3
542,4
543,3
544,3
545,3
546,9
547,2
548,8
549,3
550,12
551,5
552,3
553,9
554,4
555,3
556,2
557,4
558,5
559,2
560,4
561,2
562,11
563,2
564,4
565,2
566,8
567,2
568,4
569,4
570,4
571,2
572,8
573,2
574,1
575,4
576,5
577,4
578,9
579,2
580,2
581,4
582,2
583,8
584,2
585,0
586,3
587,1
588,3
589,3
590,4
591,0
592,0
593,0
594,2
595,2
596,12
597,5
598,4
599,9
600,2
601,9
602,4
603,11
604,4
605,6
606,1
607,3
608,3
609,2
610,4
611,4
612,4
613,0
614,4
615,2
616,2
617,4
618,4
619,7
620,3
621,4
622,2
623,4
624,4
625,4
626,4
627,0
628,15
629,2
630,2
631,2
632,4
633,2
634,7
635,2
636,4
637,2
638,4
639,2
640,2
641,4
642,4
643,3
644,2
645,4
646,2
647,13
648,3
649,4
650,2
651,2
652,2
653,4
654,6
655,4
656,0
657,5
658,2
659,2
660,15
661,4
662,3
663,4
664,4
665,4
666,2
667,4
668,1
669,1
670,3
671,4
672,4
673,4
674,10
675,6
676,9
677,9
678,4
679,4
680,4
681,3
682,7
683,2
684,3
685,4
686,3
687,13
688,5
689,4
690,4
691,4
692,2
693,4
694,4
695,4
696,3
697,2
698,4
699,6
700,2
701,0
702,2
703,1
704,4
705,4
706,12
707,4
708,6
709,2
710,2
711,2
712,0
713,4
714,9
715,4
716,4
717,2
718,4
719,9
720,2
721,4
722,4
723,13
724,6
725,3
726,2
727,2
728,3
729,3
730,4
731,2
732,0
733,11
734,2
735,4
736,0
737,14
738,2
739,3
740,4
741,10
742,2
743,2
744,2
745,1
746,8
747,9
748,4
749,4
750,9
751,15
752,1
753,2
754,4
755,4
756,2
757,4
758,4
759,4
760,9
761,4
762,2
763,2
764,4
765,4
766,11
767,2
768,15
769,4
770,4
771,3
772,4
773,5
774,0
775,2
776,2
777,3
778,9
779,2
780,4
781,4
782,9
783,16
784,4
785,2
786,4
787,4
788,2
789,3
790,2
791,4
792,8
793,4
794,7
795,2
796,4
797,4
798,2
799,1
800,3
801,8
802,2
803,4
804,2
805,4
806,3
807,4
808,2
809,2
810,4
811,7
812,4
813,4
814,4
815,2
816,4
817,4
818,1
819,2
820,2
821,4
822,4
823,2
824,2
825,4
826,3
827,8
828,2
829,3
830,2
831,11
832,11
833,4
834,4
835,4
836,4
837,2
838,4
839,3
840,6
841,4
842,2
843,4
844,4
845,4
846,2
847,4
848,3
849,9
850,2
851,3
852,4
853,2
854,2
855,4
856,6
857,2
858,2
859,6
860,2
861,2
862,4
863,4
864,6
865,4
866,3
867,4
868,4
869,11
870,10
871,8
872,4
873,4
874,8
875,3
876,4
877,0
878,7
879,5
880,11
881,2
882,4
883,7
884,4
885,4
886,1
887,2
888,17
889,17
890,2
891,4
892,13
893,13
894,2
895,13
896,2
897,4
898,2
899,2
900,2
901,4
902,14
903,17
904,2
905,2
906,8
907,17
908,1
909,4
910,2
911,14
912,4
913,4
914,1
915,4
916,2
917,7
918,5
919,14
920,13
921,7
922,2
923,2
924,2
925,2
926,2
927,17
928,2
929,3
930,1
931,6
932,4
933,4
934,2
935,2
936,2
937,4
938,4
939,13
940,2
941,1
942,4
943,4
944,2
945,4
946,4
947,2
948,4
949,6
950,4
951,6
952,17
953,12
954,5
955,4
956,12
957,11
958,3
959,2
960,4
961,4
962,4
963,4
964,2
965,7
966,13
967,4
968,4
969,3
970,4
971,4
972,7
973,2
974,9
975,1
976,4
977,2
978,4
979,3
980,4
981,5
982,4
983,4
984,3
985,4
986,3
987,6
988,6
989,2
990,2
991,4
992,3
993,8
994,4
995,8
996,12
997,1
998,8
999,1
1000,8
1001,8
1002,8
1003,1
1004,8
1005,1
1006,8
1007,1
1008,2
1009,8
1010,0
1011,0
1012,0
1013,0
1014,8
1015,4
1016,8
1017,0
1018,1
1019,1
1020,0
1021,0
1022,6
1023,17
1024,3
1025,3
1026,4
1027,9
1028,4
1029,4
1030,2
1031,4
1032,4
1033,2
1034,4
1035,3
1036,3
1037,9
1038,4
1039,4
1040,6
1041,4
1042,5
1043,4
1044,2
1045,4
1046,4
1047,2
1048,6
1049,4
1050,4
1051,0
1052,13
1053,2
1054,2
1055,6
1056,14
1057,1
1058,7
1059,1
1060,2
1061,5
1062,2
1063,2
1064,2
1065,2
1066,2
1067,4
1068,2
1069,6
1070,1
1071,13
1072,17
1073,17
1074,6
1075,4
1076,2
1077,13
1078,4
1079,4
1080,4
1081,4
1082,8
1083,2
1084,4
1085,3
1086,3
1087,3
1088,4
1089,4
1090,11
1091,9
1092,2
1093,9
1094,4
1095,3
1096,9
1097,3
1098,2
1099,4
1100,2
1101,4
1102,4
1103,1
1104,4
1105,4
1106,4
1107,9
1108,9
1109,4
1110,2
1111,2
1112,3
1113,11
1114,3
1115,11
1116,4
1117,4
1118,2
1119,3
1120,2
1121,2
1122,7
1123,9
1124,4
1125,4
1126,4
1127,4
1128,2
1129,9
1130,9
1131,2
1132,9
1133,0
1134,9
1135,4
1136,0
1137,6
1138,14
1139,14
1140,4
1141,4
1142,4
1143,2
1144,7
1145,2
1146,4
1147,2
1148,4
1149,4
1150,4
1151,2
1152,2
1153,11
1154,9
1155,3
1156,2
1157,2
1158,4
1159,2
1160,2
1161,4
1162,4
1163,4
1164,6
1165,2
1166,3
1167,4
1168,2
1169,4
1170,4
1171,4
1172,2
1173,9
1174,4
1175,9
1176,9
1177,4
1178,2
1179,3
1180,3
1181,3
1182,10
1183,3
1184,3
1185,2
1186,4
1187,1
1188,3
1189,10
1190,4
1191,4
1192,12
1193,3
1194,2
1195,13
1196,6
1197,3
1198,3
1199,1
1200,4
1201,3
1202,11
1203,3
1204,3
1205,3
1206,0
1207,4
1208,4
1209,2
1210,6
1211,4
1212,2
1213,4
1214,13
1215,3
1216,2
1217,2
1218,2
1219,4
1220,2
1221,3
1222,2
1223,3
1224,2
1225,2
1226,4
1227,4
1228,4
1229,6
1230,5
1231,4
1232,4
1233,14
1234,4
1235,1
1236,2
1237,2
1238,2
1239,11
1240,1
1241,6
1242,3
1243,1
1244,4
1245,3
1246,2
1247,12
1248,14
1249,4
1250,2
1251,2
1252,4
1253,4
1254,2
1255,1
1256,3
1257,2
1258,3
1259,2
1260,2
1261,4
1262,2
1263,0
1264,12
1265,14
1266,2
1267,4
1268,3
1269,2
1270,9
1271,4
1272,3
1273,2
1274,4
1275,2
1276,4
1277,4
1278,2
1279,4
1280,4
1281,4
1282,10
1283,4
1284,1
1285,3
1286,4
1287,4
1288,2
1289,2
1290,4
1291,9
1292,2
1293,4
1294,6
1295,7
1296,9
1297,4
1298,2
1299,2
1300,9
1301,3
1302,11
1303,11
1304,11
1305,11
1306,11
1307,11
1308,11
1309,11
1310,11
1311,2
1312,11
1313,11
1314,11
1315,11
1316,3
1317,11
1318,11
1319,11
1320,11
1321,11
1322,11
1323,5
1324,14
1325,11
1326,11
1327,11
1328,11
1329,11
1330,11
1331,4
1332,6
1333,2
1334,4
1335,11
1336,3
1337,4
1338,4
1339,1
1340,4
1341,9
1342,4
1343,4
1344,3
1345,4
1346,4
1347,8
1348,4
1349,4
1350,3
1351,3
1352,3
1353,3
1354,3
1355,3
1356,3
1357,3
1358,3
1359,3
1360,2
1361,2
1362,3
1363,3
1364,4
1365,3
1366,12
1367,3
1368,3
1369,3
1370,2
1371,3
1372,2
1373,4
1374,2
1375,2
1376,6
1377,4
1378,7
1379,4
1380,4
1381,4
1382,6
1383,0
1384,4
1385,11
1386,3
1387,2
1388,2
1389,4
1390,4
1391,4
1392,2
1393,6
1394,4
1395,4
1396,4
1397,9
1398,9
1399,13
1400,4
1401,3
1402,2
1403,8
1404,5
1405,4
1406,3
1407,5
1408,3
1409,3
1410,2
1411,3
1412,2
1413,4
1414,3
1415,2
1416,2
1417,2
1418,4
1419,9
1420,2
1421,2
1422,2
1423,6
1424,9
1425,2
1426,15
1427,2
1428,2
1429,2
1430,2
1431,2
1432,7
1433,13
1434,8
1435,2
1436,9
1437,2
1438,13
1439,4
1440,6
1441,2
1442,2
1443,9
1444,4
1445,6
1446,3
1447,8
1448,7
1449,2
1450,7
1451,3
1452,3
1453,2
1454,4
1455,13
1456,2
1457,4
1458,4
1459,3
1460,0
1461,2
1462,7
1463,2
1464,3
1465,4
1466,3
1467,4
1468,3
1469,2
1470,6
1471,7
1472,2
1473,4
1474,4
1475,4
1476,4
1477,4
1478,2
1479,2
1480,7
1481,4
1482,2
1483,2
1484,3
1485,4
1486,7
1487,4
1488,3
1489,4
1490,3
1491,2
1492,3
1493,2
1494,4
1495,4
1496,2
1497,4
1498,4
1499,4
1500,2
1501,1
1502,2
1503,2
1504,2
1505,4
1506,3
1507,4
1508,2
1509,8
1510,4
1511,4
1512,2
1513,1
1514,3
1515,2
1516,4
1517,4
1518,3
1519,4
1520,2
1521,4
1522,2
1523,3
1524,4
1525,2
1526,2
1527,1
1528,4
1529,6
1530,2
1531,10
1532,2
1533,4
1534,3
1535,7
1536,4
1537,4
1538,6
1539,4
1540,3
1541,2
1542,1
1543,8
1544,4
1545,2
1546,3
1547,3
1548,8
1549,6
1550,3
1551,3
1552,8
1553,2
1554,4
1555,1
1556,4
1557,3
1558,6
1559,3
1560,4
1561,6
1562,2
1563,10
1564,3
1565,1
1566,3
1567,3
1568,4
1569,3
1570,4
1571,2
1572,4
1573,2
1574,1
1575,3
1576,6
1577,4
1578,6
1579,4
1580,2
1581,11
1582,4
1583,13
1584,3
1585,3
1586,4
1587,2
1588,2
1589,5
1590,2
1591,4
1592,4
1593,3
1594,4
1595,2
1596,2
1597,2
1598,4
1599,11
1600,6
1601,2
1602,6
1603,2
1604,9
1605,4
1606,4
1607,9
1608,4
1609,8
1610,11
1611,7
1612,9
1613,7
1614,4
1615,4
1616,5
1617,6
1618,2
1619,4
1620,2
1621,7
1622,3
1623,4
1624,7
1625,4
1626,6
1627,4
1628,4
1629,4
1630,6
1631,3
1632,2
1633,4
1634,2
1635,4
1636,3
1637,4
1638,4
1639,7
1640,7
1641,6
1642,3
1643,0
1644,2
1645,3
1646,11
1647,4
1648,4
1649,4
1650,4
1651,6
1652,2
1653,4
1654,2
1655,8
1656,2
1657,4
1658,4
1659,4
1660,8
1661,4
1662,5
1663,4
1664,2
1665,8
1666,7
1667,5
1668,4
1669,11
1670,5
1671,4
1672,3
1673,4
1674,3
1675,2
1676,4
1677,4
1678,4
1679,4
1680,4
1681,6
1682,4
1683,2
1684,2
1685,4
1686,2
1687,4
1688,2
1689,3
1690,3
1691,4
1692,6
1693,9
1694,3
1695,2
1696,2
1697,14
1698,7
1699,1
1700,3
1701,2
1702,3
1703,7
1704,11
1705,4
1706,4
1707,4
1708,2
1709,3
1710,2
1711,6
1712,4
1713,4
1714,3
1715,7
1716,11
1717,3
1718,3
1719,2
1720,4
1721,2
1722,1
1723,9
1724,4
1725,2
1726,14
1727,2
1728,3
1729,9
1730,3
1731,4
1732,6
1733,3
1734,2
1735,2
1736,4
1737,3
1738,9
1739,5
1740,6
1741,3
1742,6
1743,6
1744,1
1745,4
1746,2
1747,4
1748,4
1749,8
1750,4
1751,4
1752,2
1753,2
1754,4
1755,4
1756,2
1757,8
1758,2
1759,3
1760,1
1761,2
1762,4
1763,2
1764,3
1765,3
1766,3
1767,4
1768,7
1769,4
1770,2
1771,2
1772,4
1773,4
1774,6
1775,8
1776,4
1777,2
1778,4
1779,4
1780,1
1781,1
1782,4
1783,4
1784,4
1785,2
1786,2
1787,2
1788,9
1789,2
1790,3
1791,4
1792,4
1793,2
1794,11
1795,2
1796,2
1797,9
1798,3
1799,3
1800,4
1801,3
1802,2
1803,2
1804,4
1805,4
1806,2
1807,2
1808,3
1809,4
1810,2
1811,4
1812,4
1813,1
1814,3
1815,2
1816,2
1817,2
1818,2
1819,1
1820,2
1821,5
1822,4
1823,11
1824,13
1825,4
1826,1
1827,2
1828,2
1829,4
1830,4
1831,1
1832,4
1833,9
1834,4
1835,2
1836,2
1837,4
1838,2
1839,0
1840,4
1841,13
1842,3
1843,2
1844,3
1845,4
1846,2
1847,4
1848,3
1849,3
1850,3
1851,8
1852,0
1853,10
1854,4
1855,2
1856,11
1857,4
1858,17
1859,15
1860,12
1861,4
1862,4
1863,1
1864,17
1865,4
1866,2
1867,4
1868,4
1869,2
1870,4
1871,4
1872,4
1873,4
1874,4
1875,4
1876,4
1877,6
1878,4
1879,17
1880,2
1881,4
1882,4
1883,17
1884,4
1885,3
1886,3
1887,4
1888,4
1889,4
1890,2
1891,4
1892,4
1893,4
1894,4
1895,2
1896,4
1897,2
1898,2
1899,1
1900,2
1901,11
1902,11
1903,11
1904,11
1905,11
1906,11
1907,11
1908,11
1909,11
1910,11
1911,11
1912,11
1913,11
1914,11
1915,11
1916,11
1917,11
1918,11
1919,11
1920,11
1921,11
1922,11
1923,11
1924,11
1925,11
1926,11
1927,11
1928,11
1929,11
1930,11
1931,11
1932,3
1933,3
1934,3
1935,2
1936,2
1937,1
1938,3
1939,2
1940,6
1941,10
1942,10
1943,2
1944,2
1945,3
1946,8
1947,8
1948,8
1949,8
1950,0
1951,3
1952,4
1953,16
1954,4
1955,3
1956,4
1957,4
1958,11
1959,2
1960,3
1961,2
1962,4
1963,8
1964,8
1965,0
1966,10
1967,8
1968,8
1969,1
1970,8
1971,1
1972,8
1973,3
1974,8
1975,1
1976,2
1977,1
1978,1
1979,8
1980,0
1981,2
1982,1
1983,1
1984,8
1985,8
1986,1
1987,2
1988,1
1989,1
1990,3
1991,8
1992,2
1993,9
1994,4
1995,4
1996,2
1997,2
1998,14
1999,4
2000,4
2001,4
2002,4
2003,4
2004,2
2005,2
2006,4
2007,4
2008,4
2009,1
2010,0
2011,8
2012,0
2013,0
2014,8
2015,8
2016,8
2017,0
2018,4
2019,0
2020,1
2021,0
2022,0
2023,8
2024,0
2025,1
2026,3
2027,8
2028,0
2029,8
2030,8
2031,1
2032,2
2033,1
2034,0
2035,1
2036,4
2037,3
2038,4
2039,11
2040,2
2041,2
2042,2
2043,2
2044,6
2045,11
2046,4
2047,3
2048,1
2049,4
2050,11
2051,11
2052,4
2053,11
2054,11
2055,0
2056,2
2057,4
2058,3
2059,4
2060,2
2061,9
2062,6
2063,4
2064,4
2065,1
2066,2
2067,1
2068,2
2069,0
2070,0
2071,0
2072,8
2073,0
2074,0
2075,1
2076,2
2077,2
2078,4
2079,4
2080,2
2081,2
2082,2
2083,2
2084,8
2085,3
2086,4
2087,2
2088,2
2089,7
2090,6
2091,6
2092,11
2093,1
2094,1
2095,2
2096,4
2097,4
2098,4
2099,3
2100,4
2101,2
2102,3
2103,2
2104,2
2105,1
2106,2
2107,4
2108,5
2109,2
2110,5
2111,5
2112,5
2113,5
2114,4
2115,5
2116,13
2117,5
2118,14
2119,13
2120,4
2121,0
2122,4
2123,2
2124,4
2125,3
2126,3
2127,2
2128,3
2129,4
2130,9
2131,6
2132,4
2133,4
2134,4
2135,14
2136,5
2137,2
2138,13
2139,4
2140,2
2141,6
2142,5
2143,5
2144,5
2145,2
2146,5
2147,2
2148,4
2149,2
2150,4
2151,13
2152,4
2153,5
2154,2
2155,2
2156,4
2157,4
2158,4
2159,5
2160,4
2161,4
2162,2
2163,6
2164,10
2165,4
2166,4
2167,4
2168,4
2169,4
2170,2
2171,2
2172,4
2173,2
2174,4
2175,2
2176,2
2177,2
2178,2
2179,2
2180,2
2181,2
2182,4
2183,2
2184,2
2185,3
2186,4
2187,2
2188,11
2189,2
2190,3
2191,2
2192,3
2193,2
2194,2
2195,5
2196,4
2197,1
2198,2
2199,13
2200,6
2201,4
2202,9
2203,4
2204,4
2205,3
2206,4
2207,3
2208,4
2209,4
2210,3
2211,11
2212,6
2213,6
2214,2
2215,4
2216,4
2217,4
2218,2
2219,10
2220,3
2221,2
2222,2
2223,4
2224,7
2225,4
2226,0
2227,2
2228,2
2229,4
2230,5
2231,2
2232,2
2233,2
2234,2
2235,4
2236,4
2237,4
2238,2
2239,3
2240,3
2241,4
2242,4
2243,13
2244,4
2245,4
2246,4
2247,11
2248,4
2249,2
2250,2
2251,2
2252,4
2253,2
2254,3
2255,9
2256,2
2257,2
2258,4
2259,11
2260,11
2261,4
2262,9
2263,2
2264,6
2265,4
2266,3
2267,2
2268,4
2269,4
2270,11
2271,2
2272,7
2273,4
2274,2
2275,4
2276,3
2277,4
2278,10
2279,3
2280,4
2281,2
2282,2
2283,4
2284,2
2285,3
2286,0
2287,0
2288,2
2289,4
2290,4
2291,2
2292,4
2293,2
2294,4
2295,3
2296,3
2297,3
2298,3
2299,3
2300,3
2301,2
2302,3
2303,2
2304,2
2305,3
2306,2
2307,2
2308,3
2309,11
2310,2
2311,2
2312,2
2313,2
2314,2
2315,2
2316,8
2317,2
2318,4
2319,2
2320,4
2321,6
2322,2
2323,6
2324,2
2325,3
2326,0
2327,2
2328,2
2329,4
2330,4
2331,1
2332,8
2333,12
2334,3
2335,3
2336,3
2337,3
2338,3
2339,2
2340,2
2341,3
2342,3
2343,3
2344,3
2345,2
2346,3
2347,4
2348,2
2349,2
2350,2
2351,4
2352,4
2353,3
2354,3
2355,2
2356,2
2357,6
2358,2
2359,3
2360,11
2361,1
2362,1
2363,2
2364,4
2365,4
2366,4
2367,4
2368,2
2369,4
2370,4
2371,4
2372,4
2373,4
2374,4
2375,4
2376,2
2377,4
2378,5
2379,2
2380,11
2381,1
2382,1
2383,11
2384,11
2385,4
2386,11
2387,11
2388,11
2389,3
2390,2
2391,11
2392,11
2393,11
2394,11
2395,2
2396,11
2397,11
2398,4
2399,13
2400,3
2401,2
2402,1
2403,1
2404,2
2405,2
2406,4
2407,3
2408,3
2409,1
2410,2
2411,4
2412,4
2413,4
2414,2
2415,2
2416,2
2417,2
2418,4
2419,3
2420,4
2421,4
2422,3
2423,2
2424,2
2425,4
2426,9
2427,0
2428,2
2429,7
2430,2
2431,2
2432,2
2433,4
2434,2
2435,4
2436,2
2437,5
2438,2
2439,2
2440,4
2441,2
2442,2
2443,6
2444,4
2445,11
2446,11
2447,11
2448,11
2449,11
2450,2
2451,11
2452,4
2453,4
2454,4
2455,4
2456,3
2457,3
2458,10
2459,3
2460,3
2461,3
2462,3
2463,3
2464,3
2465,3
2466,3
2467,3
2468,4
2469,1
2470,9
2471,2
2472,3
2473,4
2474,2
2475,2
2476,4
2477,2
2478,4
2479,4
2480,11
2481,3
2482,11
2483,4
2484,2
2485,11
2486,11
2487,2
2488,2
2489,4
2490,2
2491,0
2492,4
2493,6
2494,4
2495,4
2496,4
2497,17
2498,0
2499,2
2500,3
2501,4
2502,4
2503,3
2504,2
2505,4
2506,2
2507,4
2508,4
2509,2
2510,10
2511,4
2512,6
2513,2
2514,3
2515,13
2516,2
2517,4
2518,2
2519,2
2520,4
2521,2
2522,4
2523,2
2524,4
2525,2
2526,4
2527,9
2528,2
2529,2
2530,2
2531,2
2532,3
2533,2
2534,1
2535,4
2536,9
2537,6
2538,2
2539,4
2540,5
2541,4
2542,4
2543,4
2544,4
2545,3
2546,3
2547,1
2548,3
2549,3
2550,2
2551,4
2552,4
2553,4
2554,2
2555,2
2556,4
2557,3
2558,2
2559,9
2560,3
2561,2
2562,4
2563,2
2564,4
2565,11
2566,11
2567,11
2568,11
2569,11
2570,11
2571,4
2572,3
2573,3
2574,3
2575,3
2576,11
2577,11
2578,11
2579,11
2580,11
2581,11
2582,11
2583,11
2584,11
2585,11
2586,11
2587,11
2588,11
2589,2
2590,10
2591,2
2592,10
2593,10
2594,3
2595,10
2596,11
2597,10
2598,10
2599,10
2600,11
2601,15
2602,15
2603,2
2604,4
2605,4
2606,4
2607,2
2608,4
2609,9
2610,4
2611,4
2612,4
2613,2
2614,4
2615,2
2616,2
2617,2
2618,4
2619,0
2620,4
2621,9
2622,2
2623,4
2624,3
2625,9
2626,2
2627,4
2628,2
2629,2
2630,10
2631,3
2632,0
2633,3
2634,4
2635,4
2636,4
2637,4
2638,2
2639,5
2640,7
2641,8
2642,11
2643,4
2644,4
2645,11
2646,4
2647,2
2648,2
2649,2
2650,2
2651,11
2652,3
2653,7
2654,3
2655,3
2656,2
2657,4
2658,6
2659,14
2660,4
2661,4
2662,4
2663,4
2664,4
2665,1
2666,4
2667,3
2668,2
2669,3
2670,2
2671,4
2672,11
2673,3
2674,2
2675,4
2676,4
2677,4
2678,2
2679,2
2680,3
2681,4
2682,2
2683,2
2684,2
2685,5
2686,11
2687,4
2688,3
2689,4
2690,4
2691,2
2692,4
2693,0
2694,5
2695,3
2696,6
2697,2
2698,2
2699,2
2700,2
2701,6
2702,2
2703,4
2704,2
2705,4
2706,2
2707,4
2708,9
2709,4
2710,5
2711,2
2712,2
2713,11
2714,11
2715,11
2716,11
2717,11
2718,2
2719,11
2720,2
2721,11
2722,11
2723,2
2724,2
2725,2
2726,2
2727,2
2728,2
2729,2
2730,2
2731,2
2732,0
2733,4
2734,3
2735,5
2736,2
2737,2
2738,2
2739,3
2740,3
2741,2
2742,0
2743,2
2744,3
2745,9
2746,11
2747,3
2748,3
2749,3
2750,3
2751,5
2752,4
2753,1
2754,1
2755,3
2756,9
2757,4
2758,3
2759,10
2760,8
2761,2
2762,4
2763,4
2764,4
2765,7
2766,2
2767,3
2768,2
2769,2
2770,2
2771,4
2772,5
2773,5
2774,6
2775,2
2776,4
2777,4
2778,8
2779,4
2780,4
2781,2
2782,4
2783,1
2784,4
2785,11
2786,11
2787,11
2788,5
2789,0
2790,2
2791,9
2792,2
2793,2
2794,4
2795,2
2796,2
2797,2
2798,4
2799,2
2800,11
2801,4
2802,2
2803,1
2804,3
2805,4
2806,2
2807,4
2808,0
2809,4
2810,11
2811,3
2812,3
2813,3
2814,4
2815,2
2816,2
2817,4
2818,8
2819,4
2820,2
2821,2
2822,4
2823,2
2824,3
2825,3
2826,4
2827,1
2828,12
2829,2
2830,11
2831,1
2832,11
2833,11
2834,11
2835,11
2836,4
2837,3
2838,4
2839,2
2840,4
2841,9
2842,4
2843,4
2844,3
2845,2
2846,2
2847,2
2848,3
2849,6
2850,2
2851,4
2852,4
2853,12
2854,12
2855,2
2856,3
2857,4
2858,2
2859,4
2860,4
2861,4
2862,9
2863,4
2864,4
2865,4
2866,17
2867,2
2868,2
2869,2
2870,4
2871,4
2872,14
2873,17
2874,4
2875,4
2876,3
2877,13
2878,2
2879,3
2880,3
2881,3
2882,1
2883,3
2884,6
2885,8
2886,4
2887,4
2888,3
2889,4
2890,4
2891,4
2892,4
2893,2
2894,2
2895,6
2896,4
2897,3
2898,4
2899,4
2900,1
2901,4
2902,1
2903,17
2904,4
2905,2
2906,11
2907,4
2908,4
2909,2
2910,2
2911,4
2912,4
2913,9
2914,11
2915,5
2916,9
2917,3
2918,3
2919,1
2920,4
2921,3
2922,3
2923,3
2924,11
2925,3
2926,4
2927,11
2928,4
2929,2
2930,7
2931,2
2932,3
2933,4
2934,9
2935,2
2936,2
2937,5
2938,4
2939,9
2940,5
2941,4
2942,4
2943,4
2944,2
2945,2
2946,2
2947,5
2948,11
2949,11
2950,11
2951,6
2952,3
2953,11
2954,2
2955,2
2956,11
2957,12
2958,11
2959,11
2960,2
2961,3
2962,2
2963,2
2964,10
2965,2
2966,0
2967,2
2968,1
2969,2
2970,4
2971,2
2972,2
2973,2
2974,2
2975,2
2976,13
2977,2
2978,2
2979,4
2980,2
2981,2
2982,4
2983,4
2984,2
2985,4
2986,0
2987,5
2988,5
2989,2
2990,11
2991,4
2992,2
2993,2
2994,3
2995,5
2996,5
2997,4
2998,15
2999,2
3000,4
3001,4
3002,1
3003,4
3004,2
3005,4
3006,12
3007,5
3008,2
3009,9
3010,4
3011,4
3012,4
3013,11
3014,3
3015,2
3016,9
3017,11
3018,2
3019,2
3020,2
3021,4
3022,4
3023,4
3024,4
3025,4
3026,4
3027,4
3028,2
3029,2
3030,4
3031,2
3032,4
3033,5
3034,5
3035,4
3036,3
3037,4
3038,4
3039,3
3040,2
3041,4
3042,4
3043,4
3044,4
3045,3
3046,0
3047,4
3048,4
3049,4
3050,4
3051,11
3052,2
3053,14
3054,4
3055,2
3056,2
3057,4
3058,4
3059,4
3060,4
3061,2
3062,2
3063,2
3064,2
3065,2
3066,4
3067,4
3068,9
3069,3
3070,4
3071,3
3072,2
3073,4
3074,9
3075,4
3076,2
3077,4
3078,2
3079,4
3080,4
3081,13
3082,4
3083,6
3084,4
3085,3
3086,4
3087,4
3088,2
3089,8
3090,4
3091,0
3092,4
3093,4
3094,2
3095,4
3096,4
3097,3
3098,1
3099,4
3100,1
3101,4
3102,12
3103,4
3104,1
3105,4
3106,2
3107,1
3108,4
3109,2
3110,4
3111,4
3112,2
3113,4
3114,9
3115,4
3116,3
3117,4
3118,4
3119,4
3120,9
3121,2
3122,1
3123,4
3124,4
3125,9
3126,4
3127,4
3128,4
3129,3
3130,4
3131,2
3132,2
3133,4
3134,4
3135,5
3136,5
3137,11
3138,7
3139,1
3140,3
3141,4
3142,2
3143,4
3144,4
3145,0
3146,4
3147,4
3148,11
3149,4
3150,4
3151,5
3152,4
3153,4
3154,4
3155,4
3156,4
3157,2
3158,9
3159,2
3160,2
3161,6
3162,5
3163,2
3164,2
3165,2
3166,2
3167,2
3168,12
3169,9
3170,5
3171,2
3172,2
3173,2
3174,2
3175,2
3176,2
3177,4
3178,4
3179,2
3180,2
3181,5
3182,4
3183,4
3184,4
3185,2
3186,2
3187,2
3188,3
3189,3
3190,2
3191,4
3192,4
3193,2
3194,4
3195,2
3196,2
3197,3
3198,3
3199,3
3200,3
3201,1
3202,4
3203,4
3204,6
3205,11
3206,3
3207,3
3208,2
3209,4
3210,9
3211,3
3212,11
3213,9
3214,2
3215,3
3216,2
3217,1
3218,2
3219,0
3220,4
3221,4
3222,2
3223,5
3224,14
3225,4
3226,11
3227,4
3228,4
3229,9
3230,4
3231,2
3232,3
3233,2
3234,2
3235,9
3236,6
3237,14
3238,2
3239,2
3240,2
3241,2
3242,3
3243,12
3244,4
3245,2
3246,3
3247,17
3248,3
3249,2
3250,5
3251,4
3252,2
3253,2
3254,2
3255,2
3256,2
3257,2
3258,2
3259,9
3260,6
3261,4
3262,4
3263,4
3264,1
3265,4
3266,6
3267,6
3268,4
3269,2
3270,9
3271,15
3272,11
3273,2
3274,4
3275,2
3276,11
3277,1
3278,11
3279,4
3280,6
3281,2
3282,4
3283,11
3284,4
3285,2
3286,10
3287,5
3288,9
3289,4
3290,2
3291,4
3292,4
3293,2
3294,2
3295,2
3296,6
3297,12
3298,3
3299,15
3300,7
3301,6
3302,4
3303,4
3304,3
3305,12
3306,4
3307,10
3308,7
3309,4
3310,4
3311,4
3312,14
3313,2
3314,4
3315,4
3316,3
3317,2
3318,4
3319,2
3320,2
3321,3
3322,1
3323,2
3324,2
3325,2
3326,2
3327,2
3328,8
3329,8
3330,8
3331,8
3332,0
3333,1
3334,4
3335,4
3336,3
3337,3
3338,3
3339,2
3340,4
3341,4
3342,2
3343,4
3344,1
3345,6
3346,7
3347,4
3348,4
3349,1
3350,3
3351,2
3352,4
3353,2
3354,2
3355,4
3356,2
3357,4
3358,4
3359,6
3360,4
3361,0
3362,3
3363,3
3364,3
3365,3
3366,3
3367,6
3368,4
3369,4
3370,3
3371,3
3372,3
3373,3
3374,3
3375,3
3376,3
3377,13
3378,2
3379,4
3380,2
3381,4
3382,2
3383,2
3384,3
3385,4
3386,2
3387,4
3388,4
3389,4
3390,4
3391,4
3392,2
3393,1
3394,2
3395,2
3396,10
3397,4
3398,2
3399,4
3400,4
3401,4
3402,1
3403,4
3404,11
3405,2
3406,10
3407,4
3408,11
3409,2
3410,4
3411,1
3412,4
3413,2
3414,4
3415,0
3416,5
3417,11
3418,10
3419,12
3420,11
3421,1
3422,11
3423,2
3424,1
3425,11
3426,1
3427,2
3428,4
3429,2
3430,4
3431,11
3432,2
3433,2
3434,4
3435,4
3436,2
3437,5
3438,2
3439,2
3440,12
3441,4
3442,4
3443,2
3444,4
3445,4
3446,4
3447,2
3448,2
3449,6
3450,4
3451,3
3452,2
3453,2
3454,4
3455,3
3456,2
3457,2
3458,2
3459,3
3460,4
3461,6
3462,2
3463,2
3464,2
3465,4
3466,2
3467,2
3468,2
3469,2
3470,2
3471,9
3472,7
3473,3
3474,4
3475,2
3476,2
3477,17
3478,4
3479,4
3480,2
3481,17
3482,11
3483,5
3484,2
3485,4
3486,4
3487,3
3488,2
3489,5
3490,4
3491,4
3492,4
3493,4
3494,2
3495,3
3496,8
3497,2
3498,2
3499,2
3500,4
3501,2
3502,4
3503,4
3504,11
3505,11
3506,11
3507,4
3508,3
3509,4
3510,3
3511,4
3512,4
3513,4
3514,4
3515,4
3516,3
3517,1
3518,4
3519,11
3520,6
3521,11
3522,2
3523,2
3524,0
3525,3
3526,4
3527,2
3528,2
3529,2
3530,4
3531,2
3532,2
3533,2
3534,17
3535,2
3536,17
3537,4
3538,17
3539,2
3540,2
3541,9
3542,17
3543,0
3544,1
3545,2
3546,2
3547,0
3548,2
3549,2
3550,2
3551,2
3552,2
3553,4
3554,2
3555,3
3556,3
3557,9
3558,2
3559,11
3560,3
3561,2
3562,11
3563,2
3564,2
3565,3
3566,5
3567,3
3568,4
3569,4
3570,3
3571,3
3572,2
3573,4
3574,12
3575,3
3576,12
3577,4
3578,2
3579,4
3580,11
3581,4
3582,11
3583,11
3584,11
3585,9
3586,3
3587,4
3588,6
3589,4
3590,10
3591,10
3592,11
3593,11
3594,11
3595,11
3596,11
3597,11
3598,11
3599,3
3600,4
3601,2
3602,15
3603,2
3604,1
3605,1
3606,1
3607,17
3608,4
3609,9
3610,4
3611,9
3612,9
3613,12
3614,12
3615,4
3616,4
3617,2
3618,5
3619,10
3620,2
3621,2
3622,2
3623,2
3624,2
3625,2
3626,2
3627,2
3628,2
3629,3
3630,3
3631,1
3632,4
3633,6
3634,3
3635,3
3636,3
3637,3
3638,14
3639,4
3640,11
3641,11
3642,3
3643,4
3644,2
3645,4
3646,4
3647,2
3648,3
3649,3
3650,9
3651,2
3652,4
3653,2
3654,2
3655,4
3656,4
3657,0
3658,3
3659,2
3660,5
3661,3
3662,4
3663,4
3664,11
3665,4
3666,4
3667,6
3668,4
3669,4
3670,4
3671,2
3672,3
3673,6
3674,4
3675,2
3676,3
3677,1
3678,4
3679,4
3680,2
3681,4
3682,4
3683,0
3684,2
3685,3
3686,0
3687,3
3688,4
3689,11
3690,4
3691,0
3692,2
3693,6
3694,11
3695,3
3696,3
3697,4
3698,3
3699,3
3700,3
3701,3
3702,1
3703,3
3704,11
3705,2
3706,2
3707,0
3708,0
3709,2
3710,2
3711,10
3712,10
3713,3
3714,3
3715,6
3716,2
3717,2
3718,2
3719,2
3720,4
3721,4
3722,4
3723,4
3724,12
3725,3
3726,2
3727,4
3728,7
3729,5
3730,5
3731,0
3732,4
3733,4
3734,3
3735,4
3736,2
3737,3
3738,12
3739,3
3740,4
3741,2
3742,4
3743,4
3744,2
3745,4
3746,2
3747,4
3748,2
3749,2
3750,2
3751,8
3752,2
3753,4
3754,4
3755,4
3756,4
3757,11
3758,3
3759,2
3760,2
3761,2
3762,2
3763,11
3764,11
3765,1
3766,5
3767,3
3768,11
3769,11
3770,11
3771,11
3772,3
3773,11
3774,11
3775,4
3776,4
3777,2
3778,11
3779,4
3780,5
3781,6
3782,2
3783,2
3784,4
3785,4
3786,4
3787,4
3788,5
3789,2
3790,9
3791,6
3792,2
3793,2
3794,10
3795,3
3796,2
3797,2
3798,4
3799,2
3800,2
3801,4
3802,4
3803,4
3804,2
3805,2
3806,11
3807,4
3808,3
3809,10
3810,3
3811,9
3812,9
3813,2
3814,2
3815,2
3816,2
3817,4
3818,4
3819,4
3820,3
3821,9
3822,6
3823,11
3824,2
3825,4
3826,6
3827,6
3828,2
3829,3
3830,2
3831,2
3832,2
3833,4
3834,4
3835,4
3836,2
3837,6
3838,4
3839,11
3840,2
3841,4
3842,2
3843,2
3844,9
3845,4
3846,4
3847,4
3848,11
3849,11
3850,11
3851,4
3852,2
3853,2
3854,11
3855,2
3856,2
3857,1
3858,1
3859,2
3860,2
3861,11
3862,11
3863,11
3864,11
3865,10
3866,11
3867,4
3868,10
3869,11
3870,11
3871,11
3872,11
3873,11
3874,2
3875,2
3876,1
3877,3
3878,5
3879,2
3880,4
3881,4
3882,4
3883,4
